{"cameraMode":{"drawMode":0,"name":"Shaded","section":"Shading Mode"},"sceneLighting":false,"audioPlay":false,"sceneViewState":{"m_AlwaysRefresh":false,"showFog":true,"showSkybox":false,"showFlares":true,"showImageEffects":true,"showParticleSystems":true,"showVisualEffectGraphs":true,"m_FxEnabled":true},"in2DMode":false,"pivot":{"x":-1.0001513957977296,"y":8.997993469238282,"z":-0.26141583919525149},"rotation":{"x":0.12504588067531587,"y":-0.12024130672216416,"z":0.015267842449247837,"w":0.9847233295440674},"size":1.2247449159622193,"orthographic":false}